"","school_name","total","perc_amind","sys_amind","std_amind","perc_asian","sys_asian","std_asian","perc_black","sys_black","std_black","perc_hisp","sys_hisp","std_hisp","perc_white","sys_white","std_white","perc_multiple","sys_multiple","std_multiple"
"1","City Neighbors Charter School",217,0,0.00334279360709478,-0.673830575465417,0.00921658986175115,0.00871310925386167,0.0307918301303773,0.529953917050691,0.83258127848312,-1.37379623600267,0.00921658986175115,0.0685586830621285,-0.443309968542778,0.433179723502304,0.0774691987033411,2.7299319650974,0.0184331797235023,0.00709624695883739,0.847244527231227
"2","City Neighbors Hamilton",214,0,0.00334279360709478,-0.673830575465417,0,0.00871310925386167,-0.53287569739175,0.481308411214953,0.83258127848312,-1.59462561672774,0.0327102803738318,0.0685586830621285,-0.267802388001315,0.411214953271028,0.0774691987033411,2.56136138823783,0.0747663551401869,0.00709624695883739,5.05719933282925
"3","City Neighbors High School",394,0,0.00334279360709478,-0.673830575465417,0,0.00871310925386167,-0.53287569739175,0.878172588832487,0.83258127848312,0.206964665243512,0.0101522842639594,0.0685586830621285,-0.436319944537256,0.101522842639594,0.0774691987033411,0.184601823338682,0.0101522842639594,0.00709624695883739,0.228387248608298
